{"accuracy": [0.5721317529678345, 0.8509424328804016, 0.9097944498062134, 0.9376200437545776, 0.9522725939750671, 0.9631268382072449, 0.9701970219612122, 0.9756028056144714, 0.9788036346435547, 0.9810655117034912], "loss": [1.4605870246887207, 0.46903061866760254, 0.27818572521209717, 0.19026266038417816, 0.14793992042541504, 0.11068597435951233, 0.08926931768655777, 0.07461825758218765, 0.06553611904382706, 0.057567182928323746], "val_accuracy": [0.8203960657119751, 0.9018893837928772, 0.9161165356636047, 0.9076940417289734, 0.9444001913070679, 0.9598793387413025, 0.9499203562736511, 0.9660823941230774, 0.963350772857666, 0.9694400429725647], "val_loss": [0.573329508304596, 0.29767996072769165, 0.2634862959384918, 0.31459954380989075, 0.1783297061920166, 0.1376241147518158, 0.1669601947069168, 0.11734723299741745, 0.12223927676677704, 0.11486698687076569]}